title,year,runtime_min,release_month,budget,rating,vote_count,avg_review_sentiment,sample_reviews,revenue,log_budget,log_revenue,popularity_index,genre_Action,genre_Comedy,genre_Drama,genre_Horror,genre_Romance,genre_Sci-Fi,studio_Aurora,studio_BlueFox,studio_Nimbus,studio_SilverScreen,studio_Sunrise
Movie 001,2006,171,12,194650982,6.3,430429,0.24,inspiring masterpiece loved story performances music | okay average decent some parts | thrilling masterpiece emotional story performances music,197215558,19.08671868,19.0998079,81.727,1,0,0,0,0,0,0,0,0,1,0
Movie 002,2020,135,9,60888789,7.6,420369,-0.086,fantastic thrilling emotional story performances music | disappointing predictable boring plot acting pacing | masterpiece joyful excellent story performances music,81588781,17.92455964,18.21720233,98.412,0,1,0,0,0,0,0,1,0,0,0
Movie 003,2018,125,3,27311124,7.2,421872,-0.2,waste cliché dull plot acting pacing | loved emotional excellent story performances music | awful disappointing confusing plot acting pacing,57538631,17.12280469,17.86796714,93.258,0,0,0,0,0,1,1,0,0,0,0
Movie 004,2013,176,3,132909978,8.2,427133,0.2,loved amazing witty story performances music | inspiring hilarious joyful story performances music | waste weak messy plot acting pacing,160652737,18.70518261,18.89475569,106.312,0,0,1,0,0,0,1,0,0,0,0
Movie 005,2013,140,2,63433773,7.1,318975,0,excellent emotional hilarious story performances music | hilarious amazing emotional story performances music | okay average decent some parts,94330308,17.96550699,18.36231311,89.977,0,0,0,0,0,1,0,0,1,0,0
Movie 006,2022,170,6,191169028,4.8,278308,0.4,joyful amazing fantastic story performances music | joyful emotional amazing story performances music | loved masterpiece touching story performances music,254007954,19.06866856,19.35287614,60.175,0,0,1,0,0,0,0,0,1,0,0
Movie 007,2006,178,10,104683525,6.3,324749,0.3,touching inspiring loved story performances music | okay average decent some parts | okay average decent some parts,131040518,18.46645232,18.69101714,79.952,0,0,0,0,0,1,0,0,0,1,0
Movie 008,2018,87,8,58002799,5.2,203700,-0.15,okay average decent some parts | disappointing bad awful plot acting pacing | hilarious loved fantastic story performances music,46110904,17.87600184,17.64656003,63.567,0,0,0,1,0,0,0,1,0,0,0
Movie 009,2009,116,11,192096605,5.9,335266,0,messy awful confusing plot acting pacing | okay average decent some parts | great amazing fantastic story performances music,205226793,19.07350896,19.13962624,75.064,0,0,0,1,0,0,0,0,0,0,1
Movie 010,2006,153,5,185036877,7.9,397324,0,terrible waste confusing plot acting pacing | okay average decent some parts | excellent masterpiece emotional story performances music,229866387,19.0360657,19.25300878,101.851,0,0,1,0,0,0,0,0,0,1,0
Movie 011,2015,161,4,100333790,7,381570,0.1,disappointing boring weak plot acting pacing | okay average decent some parts | masterpiece amazing loved story performances music,124956265,18.4240131,18.64347436,89.964,0,1,0,0,0,0,1,0,0,0,0
Movie 012,2024,94,6,5947038,5.7,307108,0,predictable messy weak plot acting pacing | witty joyful hilarious story performances music | predictable terrible messy plot acting pacing,36114309,15.59840401,17.40219974,72.019,0,0,0,0,1,0,0,0,0,0,1
Movie 013,2019,111,3,119790285,5.4,29525,0.1,loved masterpiece witty story performances music | okay average decent some parts | witty loved excellent story performances music,128267135,18.60125316,18.66962565,55.582,1,0,0,0,0,0,0,0,0,1,0
Movie 014,2020,134,12,111484410,6.4,362612,-0.171,hilarious excellent great story performances music | disappointing dull cliché plot acting pacing | okay average decent some parts,128280970,18.52939533,18.6697335,81.927,0,0,0,0,0,1,0,0,0,0,1
Movie 015,2019,159,3,30493478,5.2,183620,0,dull predictable messy plot acting pacing | hilarious excellent inspiring story performances music | okay average decent some parts,59381051,17.23302342,17.89948574,63.027,0,1,0,0,0,0,0,1,0,0,0
Movie 016,2020,91,6,127161047,5.7,371961,0,disappointing boring dull plot acting pacing | hilarious excellent great story performances music | okay average decent some parts,150133565,18.66096494,18.8270359,73.111,0,0,0,0,0,1,0,1,0,0,0
Movie 017,2015,140,7,168317920,6.7,269993,0.4,touching amazing great story performances music | fantastic joyful inspiring story performances music | okay average decent some parts,194206062,18.94136514,19.08443033,83.791,0,0,0,1,0,0,0,0,0,0,1
Movie 018,2007,109,1,22073583,7.6,440652,0.257,loved touching witty story performances music | hilarious great thrilling story performances music | okay average decent some parts,103770972,16.90989216,18.45769685,98.77,0,1,0,0,0,0,0,1,0,0,0
Movie 019,2021,101,6,144941204,7,169559,0.12,okay average decent some parts | inspiring witty masterpiece story performances music | great loved excellent story performances music,171818208,18.79183874,18.96194755,84.287,0,0,1,0,0,0,0,1,0,0,0
Movie 020,2014,131,6,28927579,4.1,465731,0.12,waste boring messy plot acting pacing | masterpiece amazing fantastic story performances music | bad disappointing terrible plot acting pacing,51504919,17.18030602,17.7571879,53.511,0,0,0,1,0,0,0,0,0,0,1
Movie 021,2015,121,4,150016427,6.7,422317,-0.3,cliché weak terrible plot acting pacing | okay average decent some parts | awful weak confusing plot acting pacing,142086908,18.82625537,18.77194946,86.789,1,0,0,0,0,0,0,0,0,0,1
Movie 022,2012,143,2,84403749,6.5,165887,-0.429,okay average decent some parts | dull waste boring plot acting pacing | cliché dull messy plot acting pacing,103316536,18.25112239,18.45330801,78.124,0,0,0,1,0,0,0,0,0,1,0
Movie 023,2008,111,1,2295695,6.8,241544,0.12,cliché disappointing terrible plot acting pacing | okay average decent some parts | okay average decent some parts,20317364,14.64654662,16.8269865,84.285,1,0,0,0,0,0,0,1,0,0,0
Movie 024,2023,162,1,193280150,8,265908,0.15,okay average decent some parts | boring predictable confusing plot acting pacing | thrilling loved excellent story performances music,205996859,19.07965125,19.14337148,99.927,0,0,0,1,0,0,0,0,0,0,1
Movie 025,2020,87,6,34028105,4.3,384429,0.2,dull confusing predictable plot acting pacing | hilarious loved witty story performances music | hilarious thrilling excellent story performances music,72214092,17.34269739,18.09514578,55.296,0,0,0,1,0,0,0,0,0,1,0
Movie 026,2017,166,2,119612468,5.8,344734,0.171,excellent great hilarious story performances music | great fantastic thrilling story performances music | okay average decent some parts,143100427,18.59976765,18.77905724,73.953,1,0,0,0,0,0,1,0,0,0,0
Movie 027,2013,82,12,37112177,7,426081,0.343,amazing thrilling emotional story performances music | touching loved inspiring story performances music | dull confusing boring plot acting pacing,78095876,17.42945572,18.17344782,90.737,0,0,0,0,0,1,0,0,1,0,0
Movie 028,2021,153,3,186671621,6.3,185248,0.2,okay average decent some parts | okay average decent some parts | excellent thrilling inspiring story performances music,163795298,19.0448616,18.91412803,76.416,0,1,0,0,0,0,1,0,0,0,0
Movie 029,2015,114,8,147926782,7.9,252643,0,okay average decent some parts | okay average decent some parts | confusing predictable weak plot acting pacing,217537120,18.812228,19.19788007,98.274,0,0,0,0,0,1,0,0,0,0,1
Movie 030,2013,118,9,161067822,6.8,215716,0.2,excellent hilarious emotional story performances music | dull confusing messy plot acting pacing | thrilling inspiring amazing story performances music,159746265,18.8973361,18.88909728,83.516,1,0,0,0,0,0,0,0,0,1,0
Movie 031,2014,81,6,86983899,7.2,454821,0.12,okay average decent some parts | okay average decent some parts | masterpiece touching hilarious story performances music,148472070,18.2812336,18.81590742,93.799,0,0,1,0,0,0,0,0,0,1,0
Movie 032,2009,150,11,94008938,5.8,152837,0.257,messy cliché terrible plot acting pacing | great amazing fantastic story performances music | okay average decent some parts,127361469,18.35890043,18.66253982,69.235,0,1,0,0,0,0,1,0,0,0,0
Movie 033,2006,133,2,127225933,7.2,293768,-0.2,emotional joyful loved story performances music | confusing boring predictable plot acting pacing | predictable confusing boring plot acting pacing,155244428,18.66147507,18.86051139,90.652,0,0,1,0,0,0,1,0,0,0,0
Movie 034,2016,145,3,157167926,7.5,60522,-0.4,disappointing weak boring plot acting pacing | okay average decent some parts | predictable boring dull plot acting pacing,157447919,18.87282539,18.87460529,82.581,0,0,1,0,0,0,1,0,0,0,0
Movie 035,2022,152,4,4549519,6.6,425212,-0.3,okay average decent some parts | weak dull messy plot acting pacing | confusing awful messy plot acting pacing,35389105,15.33053229,17.38191459,85.538,0,0,0,1,0,0,0,0,1,0,0
Movie 036,2006,164,2,133048712,6.6,192416,0,witty great masterpiece story performances music | weak messy disappointing plot acting pacing | okay average decent some parts,142514859,18.70622588,18.77495683,80.305,1,0,0,0,0,0,0,0,0,1,0
Movie 037,2022,150,4,22719655,6.7,170625,0.2,witty inspiring masterpiece story performances music | masterpiece loved great story performances music | terrible awful weak plot acting pacing,52577741,16.93874101,17.77780343,80.716,0,0,0,0,0,1,0,0,0,1,0
Movie 038,2021,133,4,58298419,6.3,291667,-0.2,awful waste disappointing plot acting pacing | emotional fantastic touching story performances music | emotional hilarious masterpiece story performances music,72287236,17.88108555,18.09615814,79.275,1,0,0,0,0,0,1,0,0,0,0
Movie 039,2010,153,10,166056294,6.3,249659,-0.2,confusing bad predictable plot acting pacing | terrible predictable boring plot acting pacing | great emotional touching story performances music,146127217,18.92783742,18.79998816,78.295,0,0,1,0,0,0,0,0,0,0,1
Movie 040,2017,162,4,50852121,6.2,424064,0.343,okay average decent some parts | okay average decent some parts | emotional masterpiece loved story performances music,94752955,17.74443241,18.3667836,80.337,0,0,0,1,0,0,0,0,0,0,1
Movie 041,2008,111,11,159566600,6.8,265939,0.3,thrilling great inspiring story performances music | okay average decent some parts | witty amazing excellent story performances music,176275384,18.88797195,18.98755802,84.939,0,0,0,0,0,1,1,0,0,0,0
Movie 042,2020,92,10,93138552,7.4,258738,0.171,great joyful hilarious story performances music | great excellent thrilling story performances music | witty fantastic loved story performances music,112347841,18.34959876,18.53711035,92.23,0,0,1,0,0,0,0,0,0,0,1
Movie 043,2019,169,11,47295507,5.3,52937,0,inspiring witty loved story performances music | awful disappointing dull plot acting pacing | waste disappointing confusing plot acting pacing,54914801,17.67192588,17.82129349,57.647,0,0,1,0,0,0,0,0,0,0,1
Movie 044,2012,94,2,67514594,6.5,11458,0.15,okay average decent some parts | loved great thrilling story performances music | loved touching great story performances music,90033089,18.02785435,18.31568783,60.752,0,0,0,0,1,0,0,0,0,1,0
Movie 045,2006,139,12,106623148,7.9,199576,0.2,okay average decent some parts | emotional hilarious touching story performances music | loved joyful hilarious story performances music,120562398,18.4848112,18.60767801,96.411,0,0,0,0,1,0,0,0,0,0,1
Movie 046,2024,103,8,153264286,5.7,499103,-0.1,predictable waste cliché plot acting pacing | disappointing cliché terrible plot acting pacing | emotional thrilling excellent story performances music,151242042,18.84767436,18.83439205,74.787,0,0,0,1,0,0,1,0,0,0,0
Movie 047,2013,92,12,121597148,5.6,458710,0.4,okay average decent some parts | witty amazing joyful story performances music | inspiring fantastic joyful story performances music,145316731,18.61622408,18.79442628,73.003,0,1,0,0,0,0,1,0,0,0,0
Movie 048,2022,157,5,173680051,6.3,314675,0.3,boring cliché messy plot acting pacing | inspiring masterpiece witty story performances music | fantastic thrilling masterpiece story performances music,220763995,18.97272538,19.2126048,79.754,0,1,0,0,0,0,0,0,0,0,1
Movie 049,2018,94,12,150917352,7.2,315600,0,disappointing predictable cliché plot acting pacing | okay average decent some parts | witty excellent hilarious story performances music,166655607,18.83224291,18.93144001,91.168,0,0,0,1,0,0,0,0,0,1,0
Movie 050,2020,147,8,121018324,6.4,196056,-0.1,great touching masterpiece story performances music | awful cliché bad plot acting pacing | confusing awful predictable plot acting pacing,136107743,18.61145254,18.72895737,77.991,0,0,0,1,0,0,1,0,0,0,0
Movie 051,2020,149,1,58681307,7.7,89164,0.2,emotional great inspiring story performances music | loved masterpiece great story performances music | inspiring loved touching story performances music,89543697,17.8876318,18.31023731,87.766,0,0,1,0,0,0,0,0,1,0,0
Movie 052,2008,86,5,83101742,7.3,4769,0,predictable disappointing terrible plot acting pacing | okay average decent some parts | great witty thrilling story performances music,89982520,18.23557623,18.315126,61.832,1,0,0,0,0,0,0,0,0,0,1
Movie 053,2012,97,2,24659963,7.2,169758,-0.086,disappointing dull waste plot acting pacing | awful boring cliché plot acting pacing | joyful masterpiece hilarious story performances music,38681777,17.0206916,17.47087919,86.703,1,0,0,0,0,0,0,0,0,1,0
Movie 054,2014,159,12,75462624,7,158575,-0.257,dull weak messy plot acting pacing | dull cliché weak plot acting pacing | bad terrible confusing plot acting pacing,86047871,18.13914806,18.27041435,83.818,0,0,0,0,1,0,0,0,1,0,0
Movie 055,2014,130,4,185367976,8.7,96205,0.36,great witty joyful story performances music | okay average decent some parts | joyful great masterpiece story performances music,221318758,19.03785347,19.21511457,99.826,0,1,0,0,0,0,0,0,1,0,0
Movie 056,2005,92,3,85750535,6.2,129953,0,predictable confusing boring plot acting pacing | masterpiece amazing joyful story performances music | confusing weak disappointing plot acting pacing,98786188,18.26695289,18.40846837,73.005,0,1,0,0,0,0,0,1,0,0,0
Movie 057,2015,133,7,23632035,4.4,12899,0.086,dull disappointing messy plot acting pacing | predictable cliché awful plot acting pacing | inspiring joyful witty story performances music,31859125,16.97811381,17.27683443,41.646,0,1,0,0,0,0,0,0,0,0,1
Movie 058,2008,133,6,130734274,8,304176,-0.2,dull weak confusing plot acting pacing | disappointing awful predictable plot acting pacing | emotional masterpiece witty story performances music,200781091,18.68867739,19.11772578,101.003,0,0,0,0,0,1,1,0,0,0,0
Movie 059,2019,133,2,192560360,5.9,463766,0.2,hilarious masterpiece inspiring story performances music | witty emotional loved story performances music | messy confusing boring plot acting pacing,208285536,19.07592023,19.15442047,76.978,1,0,0,0,0,0,0,0,0,0,1
Movie 060,2018,172,10,173630635,6.5,345554,0.15,weak waste terrible plot acting pacing | emotional touching fantastic story performances music | fantastic amazing joyful story performances music,193058303,18.97244082,19.07850279,82.894,1,0,0,0,0,0,0,0,0,0,1
Movie 061,2023,81,11,55541214,7.7,224379,0,dull boring awful plot acting pacing | great hilarious touching story performances music | bad dull awful plot acting pacing,80083774,17.83263592,18.19858383,94.872,0,0,1,0,0,0,0,0,0,0,1
Movie 062,2019,135,9,91325479,4.8,210423,-0.12,inspiring thrilling emotional story performances music | okay average decent some parts | okay average decent some parts,93301115,18.32994039,18.35134263,58.833,0,1,0,0,0,0,0,1,0,0,0
Movie 063,2012,179,8,106672286,5.1,154113,-0.24,awful terrible dull plot acting pacing | okay average decent some parts | cliché predictable terrible plot acting pacing,97580615,18.48527195,18.39618943,60.922,0,0,0,0,0,1,0,1,0,0,0
Movie 064,2024,137,5,54469704,4.8,71631,0.6,witty inspiring thrilling story performances music | emotional witty joyful story performances music | loved witty excellent story performances music,94565845,17.81315523,18.36480693,53.661,0,1,0,0,0,0,0,0,0,0,1
Movie 065,2013,138,7,48095810,5.6,299439,0.6,excellent thrilling emotional story performances music | witty amazing inspiring story performances music | great witty loved story performances music,87023147,17.68870564,18.28168471,70.614,0,1,0,0,0,0,1,0,0,0,0
Movie 066,2011,118,7,198921678,6.8,283478,0.24,predictable waste disappointing plot acting pacing | amazing hilarious witty story performances music | excellent masterpiece great story performances music,236726233,19.10842173,19.2824149,85.373,0,0,0,0,1,0,0,1,0,0,0
Movie 067,2023,92,2,149456841,6.9,4153,-0.2,weak dull bad plot acting pacing | emotional loved inspiring story performances music | disappointing dull messy plot acting pacing,154516410,18.82251823,18.85581087,57.49,1,0,0,0,0,0,0,0,0,0,1
Movie 068,2012,137,1,168330418,6.7,208052,-0.1,terrible disappointing confusing plot acting pacing | masterpiece excellent fantastic story performances music | thrilling excellent loved story performances music,192230636,18.94143939,19.07420644,82.045,0,0,0,1,0,0,0,1,0,0,0
Movie 069,2006,169,4,163497183,5,139372,0.4,emotional hilarious inspiring story performances music | touching emotional thrilling story performances music | inspiring thrilling hilarious story performances music,148216631,18.91230632,18.81418549,59.225,0,0,0,1,0,0,0,0,0,1,0
Movie 070,2014,89,6,191869548,4.1,85555,0,awful bad cliché plot acting pacing | excellent masterpiece great story performances music | waste cliché awful plot acting pacing,205450615,19.07232627,19.14071625,46.563,0,1,0,0,0,0,0,0,0,0,1
Movie 071,2020,168,2,21950337,6.5,351665,-0.1,cliché dull awful plot acting pacing | waste awful confusing plot acting pacing | messy weak awful plot acting pacing,32451634,16.9042931,17.29526139,83.008,0,0,0,0,0,1,0,0,1,0,0
Movie 072,2008,133,2,176444854,5.9,263150,0.6,amazing inspiring touching story performances music | thrilling inspiring amazing story performances music | masterpiece amazing inspiring story performances music,217133974,18.98851895,19.19602512,73.635,0,0,1,0,0,0,0,0,0,1,0
Movie 073,2014,133,11,14245212,6.9,317068,0.086,loved amazing thrilling story performances music | emotional amazing joyful story performances music | weak messy cliché plot acting pacing,58977273,16.47193148,17.89266274,87.401,0,0,0,0,1,0,0,0,1,0,0
Movie 074,2007,96,5,95608781,7.1,356884,0,dull weak messy plot acting pacing | okay average decent some parts | witty excellent amazing story performances music,99485036,18.37577524,18.41551781,90.775,0,0,1,0,0,0,0,0,1,0,0
Movie 075,2018,142,8,119292299,6.5,490912,0.4,fantastic excellent amazing story performances music | okay average decent some parts | inspiring masterpiece thrilling story performances music,135169149,18.59708734,18.72203752,85.176,0,0,0,1,0,0,0,0,0,1,0
Movie 076,2014,98,7,72214356,7.2,401479,-0.3,predictable waste dull plot acting pacing | dull messy awful plot acting pacing | fantastic hilarious inspiring story performances music,104662499,18.09514943,18.46625145,92.901,0,0,0,1,0,0,1,0,0,0,0
Movie 077,2011,107,9,30088475,6.6,310368,0.15,loved hilarious excellent story performances music | terrible confusing waste plot acting pacing | okay average decent some parts,51984058,17.2196528,17.76644767,83.46,0,0,0,0,1,0,0,0,0,1,0
Movie 078,2009,152,9,39267964,6.9,439571,0.6,excellent masterpiece joyful story performances music | loved great amazing story performances music | fantastic joyful great story performances music,53262548,17.4859196,17.790744,89.656,0,1,0,0,0,0,1,0,0,0,0
Movie 079,2016,133,4,165108173,5.7,239014,0.1,waste boring messy plot acting pacing | okay average decent some parts | emotional loved joyful story performances music,204337352,18.92211142,19.13528288,70.59,0,0,1,0,0,0,1,0,0,0,0
Movie 080,2018,124,11,64426056,6.2,492390,0,witty joyful thrilling story performances music | okay average decent some parts | predictable messy bad plot acting pacing,92385605,17.98102872,18.34148175,81.264,1,0,0,0,0,0,0,0,0,1,0
Movie 081,2023,139,5,62756600,6.6,380835,0.6,excellent hilarious emotional story performances music | amazing touching hilarious story performances music | excellent joyful amazing story performances music,108075574,17.95477433,18.49834131,84.811,0,1,0,0,0,0,0,0,1,0,0
Movie 082,2013,93,11,184749012,7.2,325616,-0.4,confusing disappointing waste plot acting pacing | okay average decent some parts | waste weak dull plot acting pacing,186580840,19.03450878,19.04437517,91.393,0,0,0,0,0,1,0,0,0,0,1
Movie 083,2008,109,5,29630514,6,451712,-0.3,okay average decent some parts | predictable dull awful plot acting pacing | cliché dull awful plot acting pacing,67643298,17.2043153,18.02975885,78.125,1,0,0,0,0,0,1,0,0,0,0
Movie 084,2021,114,2,183138116,6.9,257781,-0.086,hilarious emotional loved story performances music | predictable confusing weak plot acting pacing | masterpiece witty joyful story performances music,190349552,19.02575116,19.06437269,85.973,0,0,0,0,1,0,0,0,1,0,0
Movie 085,2017,146,10,184273123,6.1,360487,-0.3,excellent witty touching story performances music | confusing boring dull plot acting pacing | boring disappointing predictable plot acting pacing,187786090,19.03192958,19.05081406,78.051,0,0,0,1,0,0,1,0,0,0,0
Movie 086,2019,177,1,120113368,6.3,142723,0.2,okay average decent some parts | masterpiece fantastic emotional story performances music | amazing excellent loved story performances music,146604396,18.6039466,18.80324834,74.773,1,0,0,0,0,0,0,0,0,0,1
Movie 087,2006,163,10,33940812,7.2,481624,0.3,excellent loved great story performances music | confusing awful bad plot acting pacing | fantastic witty loved story performances music,43181609,17.34012877,17.58092527,94.211,0,0,1,0,0,0,0,0,1,0,0
Movie 088,2011,98,1,32016312,4.4,311872,0.15,hilarious loved emotional story performances music | dull boring confusing plot acting pacing | amazing emotional touching story performances music,73770801,17.28175611,18.11647357,55.662,0,0,0,1,0,0,0,0,0,1,0
Movie 089,2020,81,3,57659296,5.1,391111,-0.1,predictable weak disappointing plot acting pacing | predictable dull boring plot acting pacing | okay average decent some parts,77582703,17.87006206,18.16685507,65.671,0,0,1,0,0,0,0,1,0,0,0
Movie 090,2021,85,8,115905713,4.9,230638,0.24,emotional amazing excellent story performances music | witty great inspiring story performances music | boring confusing awful plot acting pacing,162793794,18.56828761,18.9079949,60.508,1,0,0,0,0,0,0,1,0,0,0
Movie 091,2013,139,12,31569065,4.1,433467,0,loved witty amazing story performances music | bad predictable messy plot acting pacing | boring confusing awful plot acting pacing,31240008,17.26768828,17.25721017,53.216,0,0,0,1,0,0,0,0,0,1,0
Movie 092,2021,95,5,91675927,5.7,37551,-0.257,okay average decent some parts | confusing waste messy plot acting pacing | predictable bad messy plot acting pacing,101048071,18.33377039,18.43110692,60.041,0,0,0,0,0,1,0,0,0,0,1
Movie 093,2021,103,2,23982522,7.1,57494,-0.429,cliché dull messy plot acting pacing | waste bad confusing plot acting pacing | terrible messy disappointing plot acting pacing,30642673,16.99283591,17.23790417,77.812,1,0,0,0,0,0,0,1,0,0,0
Movie 094,2012,164,3,108516540,6.1,253804,0,cliché boring terrible plot acting pacing | loved inspiring amazing story performances music | weak awful waste plot acting pacing,129307994,18.50241317,18.67770767,75.91,0,0,1,0,0,0,0,0,0,1,0
Movie 095,2022,167,11,5208455,6.6,366340,-0.24,disappointing weak waste plot acting pacing | bad cliché weak plot acting pacing | loved masterpiece witty story performances music,34879998,15.46579402,17.36742413,84.555,0,0,1,0,0,0,0,0,1,0,0
Movie 096,2010,163,9,142098198,7.5,404704,0.45,okay average decent some parts | amazing inspiring excellent story performances music | joyful inspiring thrilling story performances music,160344028,18.77202892,18.89283225,96.832,0,0,0,1,0,0,0,0,0,0,1
Movie 097,2009,105,2,12023686,7.7,220324,-0.2,predictable terrible disappointing plot acting pacing | awful dull terrible plot acting pacing | okay average decent some parts,29615997,16.30238918,17.20382525,94.732,0,0,0,0,0,1,1,0,0,0,0
Movie 098,2018,133,5,39769545,6.3,325011,0.24,loved emotional great story performances music | emotional touching great story performances music | amazing fantastic loved story performances music,53465769,17.498612,17.79455219,79.957,0,0,0,0,0,1,0,0,1,0,0
Movie 099,2017,141,4,35753652,7.8,276775,-0.4,okay average decent some parts | messy terrible predictable plot acting pacing | predictable dull confusing plot acting pacing,64812955,17.392163,17.98701608,97.742,0,0,0,0,1,0,0,0,0,1,0
Movie 100,2007,98,3,166367824,6.5,480780,-0.12,waste bad awful plot acting pacing | confusing predictable dull plot acting pacing | thrilling loved hilarious story performances music,172953574,18.92971171,18.96853376,85.041,0,0,0,0,0,1,1,0,0,0,0
Movie 101,2021,135,11,11623004,5.6,327224,-0.257,witty excellent hilarious story performances music | disappointing messy dull plot acting pacing | awful disappointing weak plot acting pacing,24017405,16.26849688,16.99428938,71.111,0,0,1,0,0,0,0,0,0,1,0
Movie 102,2008,132,8,86422672,5.8,208713,0.4,okay average decent some parts | masterpiece inspiring amazing story performances music | joyful great fantastic story performances music,141851248,18.27476062,18.77028952,71.043,1,0,0,0,0,0,0,1,0,0,0
Movie 103,2021,119,3,118637619,4.9,484922,-0.15,awful dull bad plot acting pacing | okay average decent some parts | messy awful weak plot acting pacing,127522462,18.59158419,18.66380309,64.15,0,0,0,1,0,0,0,1,0,0,0
Movie 104,2005,155,8,103683114,5.5,54072,0.12,witty inspiring thrilling story performances music | dull awful bad plot acting pacing | emotional witty hilarious story performances music,149118847,18.45684983,18.82025418,59.939,0,0,0,0,1,0,1,0,0,0,0
Movie 105,2020,147,5,136462190,6,492296,0.12,dull waste bad plot acting pacing | masterpiece inspiring joyful story performances music | okay average decent some parts,162913258,18.73155815,18.90872846,78.641,0,0,0,0,1,0,1,0,0,0,0
Movie 106,2020,133,1,160817161,7.2,77429,-0.2,waste confusing bad plot acting pacing | inspiring joyful touching story performances music | terrible cliché weak plot acting pacing,177821348,18.89577864,18.99628995,81.051,0,0,1,0,0,0,0,0,1,0,0
Movie 107,2020,152,6,79332460,8.1,144470,0,inspiring fantastic great story performances music | confusing weak boring plot acting pacing | emotional excellent thrilling story performances music,118038624,18.18915795,18.58652246,96.235,0,0,1,0,0,0,0,1,0,0,0
Movie 108,2018,156,3,165815355,5,410824,0.429,emotional great fantastic story performances music | okay average decent some parts | joyful masterpiece thrilling story performances music,150553330,18.92638541,18.82982794,64.63,1,0,0,0,0,0,0,0,0,0,1
Movie 109,2014,136,3,64280228,6.8,367009,-0.2,hilarious amazing masterpiece story performances music | predictable awful confusing plot acting pacing | dull waste terrible plot acting pacing,109803568,17.97876266,18.51420359,87.129,1,0,0,0,0,0,0,1,0,0,0
Movie 110,2019,106,11,196900119,5.4,485191,0.2,okay average decent some parts | okay average decent some parts | inspiring emotional thrilling story performances music,202467402,19.09820715,19.12608946,70.698,0,0,0,1,0,0,0,1,0,0,0
Movie 111,2010,155,9,101400721,6.9,375116,0.086,okay average decent some parts | terrible cliché waste plot acting pacing | okay average decent some parts,135814908,18.43459077,18.72680355,88.561,0,0,0,1,0,0,0,0,0,0,1
Movie 112,2020,151,2,147466654,6.3,318685,0,dull predictable cliché plot acting pacing | masterpiece fantastic joyful story performances music | waste awful terrible plot acting pacing,150783480,18.80911264,18.83135547,79.833,0,1,0,0,0,0,0,0,0,1,0
Movie 113,2016,178,11,175125983,4.6,173573,0.15,fantastic inspiring hilarious story performances music | awful predictable cliché plot acting pacing | okay average decent some parts,175969437,18.98101618,18.98582089,55.496,0,0,1,0,0,0,0,1,0,0,0
Movie 114,2014,94,7,158737597,7.3,2853,0.2,witty inspiring great story performances music | touching emotional thrilling story performances music | hilarious inspiring fantastic story performances music,177803581,18.88276307,18.99619003,58.082,0,0,0,0,0,1,1,0,0,0,0
Movie 115,2015,121,11,170375193,5.8,62372,0.2,okay average decent some parts | okay average decent some parts | inspiring amazing joyful story performances music,197059426,18.95351359,19.0990159,64.037,0,1,0,0,0,0,0,0,0,1,0
Movie 116,2016,172,9,107766201,5.9,149239,-0.2,dull bad cliché plot acting pacing | disappointing cliché awful plot acting pacing | thrilling witty loved story performances music,125887343,18.49547464,18.65089797,70.289,0,0,0,0,0,1,0,0,0,0,1
Movie 117,2005,131,5,9651537,5.3,20953,0,disappointing boring weak plot acting pacing | okay average decent some parts | inspiring emotional fantastic story performances music,34395313,16.08262784,17.35343089,52.735,0,0,0,0,1,0,0,0,0,1,0
Movie 118,2007,133,7,99123623,5.7,254335,0.1,okay average decent some parts | predictable boring cliché plot acting pacing | waste confusing cliché plot acting pacing,149658535,18.41187836,18.82386683,70.945,0,0,1,0,0,0,0,0,1,0,0
Movie 119,2009,81,7,37118183,6.7,388782,0,masterpiece hilarious touching story performances music | predictable boring disappointing plot acting pacing | excellent witty joyful story performances music,88003992,17.42961754,18.29289275,86.234,0,0,1,0,0,0,0,0,0,0,1
Movie 120,2007,83,9,177934200,6.2,481645,0.24,fantastic witty inspiring story performances music | okay average decent some parts | confusing waste terrible plot acting pacing,203210847,18.99692438,19.12975466,81.127,0,0,0,0,1,0,0,1,0,0,0
Movie 121,2013,159,3,48112229,6.7,245105,0.15,disappointing terrible weak plot acting pacing | joyful masterpiece witty story performances music | okay average decent some parts,53993987,17.68904696,17.80438326,83.143,0,0,0,1,0,0,0,1,0,0,0
Movie 122,2018,115,4,46385895,6.8,437565,0.3,great touching witty story performances music | waste bad disappointing plot acting pacing | emotional inspiring loved story performances music,66190084,17.65250601,18.00804124,88.325,0,0,1,0,0,0,1,0,0,0,0
Movie 123,2018,132,3,50628127,7.7,492777,0.45,loved excellent masterpiece story performances music | loved great touching story performances music | hilarious masterpiece fantastic story performances music,71322620,17.74001787,18.0827241,100.93,0,0,0,1,0,0,0,1,0,0,0
Movie 124,2014,122,4,128870685,6.1,429984,0.2,great loved joyful story performances music | messy confusing terrible plot acting pacing | fantastic thrilling masterpiece story performances music,157439633,18.67432003,18.87455267,79.126,0,0,0,1,0,0,0,0,1,0,0
Movie 125,2022,120,2,114675297,4.9,232754,0.3,masterpiece loved fantastic story performances music | okay average decent some parts | excellent witty loved story performances music,129883029,18.5576152,18.68214483,60.553,0,0,0,0,1,0,0,0,0,0,1
Movie 126,2016,173,1,189819333,7.5,162967,0.086,amazing witty inspiring story performances music | witty touching loved story performances music | bad disappointing terrible plot acting pacing,184670331,19.0615833,19.0340828,90.01,0,0,1,0,0,0,0,0,1,0,0
Movie 127,2006,89,12,83836222,6.1,488969,0.171,emotional joyful amazing story performances music | waste confusing dull plot acting pacing | emotional great loved story performances music,103189549,18.24437573,18.45207815,79.91,0,0,0,0,1,0,0,1,0,0,0
Movie 128,2020,157,1,57173354,7.5,121334,0.171,amazing inspiring fantastic story performances music | excellent great fantastic story performances music | okay average decent some parts,63824954,17.86159853,17.97165482,87.797,0,0,0,0,1,0,1,0,0,0,0
Movie 129,2016,168,11,10801569,6.8,206082,0.36,great joyful excellent story performances music | emotional inspiring joyful story performances music | awful terrible weak plot acting pacing,42776133,16.19520205,17.57149089,83.205,0,0,1,0,0,0,0,0,1,0,0
Movie 130,2017,145,1,2408105,6.3,37478,0.2,waste awful predictable plot acting pacing | witty thrilling amazing story performances music | predictable waste boring plot acting pacing,3999779,14.6943511,15.20174992,66.349,1,0,0,0,0,0,0,0,0,1,0
Movie 131,2016,119,10,75349213,6.7,396944,-0.171,weak bad terrible plot acting pacing | amazing excellent masterpiece story performances music | terrible messy confusing plot acting pacing,106161810,18.13764405,18.48047501,86.373,0,0,0,1,0,0,0,0,0,0,1
Movie 132,2016,96,4,185237661,8.4,325093,0.15,okay average decent some parts | emotional joyful touching story performances music | predictable terrible cliché plot acting pacing,213467073,19.03715022,19.17899316,106.612,1,0,0,0,0,0,1,0,0,0,0
Movie 133,2006,148,7,105226836,8.5,42867,0.36,masterpiece loved inspiring story performances music | great joyful masterpiece story performances music | touching amazing hilarious story performances music,176740764,18.47162893,18.99019461,90.66,0,0,1,0,0,0,0,0,0,0,1
Movie 134,2016,126,4,178815976,6.5,111353,-0.15,amazing great loved story performances music | predictable terrible waste plot acting pacing | cliché terrible messy plot acting pacing,200693416,19.00186777,19.11728901,75.533,0,1,0,0,0,0,0,0,0,1,0
Movie 135,2020,94,6,21232708,6.6,277953,0.086,okay average decent some parts | okay average decent some parts | dull waste messy plot acting pacing,46890560,16.87105343,17.66332696,82.732,0,0,0,0,1,0,0,0,0,0,1
Movie 136,2011,133,6,19570879,7.5,270435,0,dull predictable terrible plot acting pacing | emotional hilarious witty story performances music | thrilling loved joyful story performances music,67542492,16.78955331,18.02826748,93.808,0,0,0,0,1,0,0,0,0,0,1
Movie 137,2017,176,7,166858252,5.6,401128,0.3,fantastic joyful witty story performances music | joyful inspiring great story performances music | dull messy predictable plot acting pacing,180437409,18.93265523,19.01089452,72.251,1,0,0,0,0,0,0,0,0,1,0
Movie 138,2005,106,5,22241663,6.7,133415,0.15,thrilling touching fantastic story performances music | confusing dull weak plot acting pacing | okay average decent some parts,39385486,16.91747784,17.48890796,79.068,0,0,0,0,1,0,0,1,0,0,0
Movie 139,2011,97,7,11340411,6.4,462388,0.3,great hilarious masterpiece story performances music | thrilling touching emotional story performances music | okay average decent some parts,49722786,16.24388319,17.72197388,83.483,1,0,0,0,0,0,0,1,0,0,0
Movie 140,2013,148,10,81414444,6.7,222514,0,terrible dull awful plot acting pacing | joyful great touching story performances music | okay average decent some parts,71524754,18.21506327,18.08555417,82.495,0,0,0,0,0,1,0,0,0,0,1
Movie 141,2024,99,6,185043531,5.6,411380,0.2,witty inspiring loved story performances music | great loved amazing story performances music | bad disappointing terrible plot acting pacing,218917192,19.03610166,19.2042041,72.393,0,0,0,0,1,0,0,1,0,0,0
Movie 142,2009,171,5,138187291,4.8,119571,-0.3,cliché awful predictable plot acting pacing | messy waste confusing plot acting pacing | confusing predictable boring plot acting pacing,145203244,18.74412051,18.79364501,56.12,0,0,0,0,1,0,0,0,0,1,0
Movie 143,2010,165,2,20723515,4.3,18966,-0.1,waste boring messy plot acting pacing | emotional amazing witty story performances music | thrilling touching masterpiece story performances music,33071681,16.84677965,17.31418795,42.357,0,0,1,0,0,0,1,0,0,0,0
Movie 144,2013,178,5,167589077,5.3,27999,0.45,loved great fantastic story performances music | loved touching fantastic story performances music | great inspiring masterpiece story performances music,180368568,18.93702558,19.01051292,54.272,0,0,0,0,1,0,0,1,0,0,0
Movie 145,2024,171,2,168871415,5.9,186664,0.086,okay average decent some parts | hilarious loved excellent story performances music | emotional amazing joyful story performances music,185310137,18.94464813,19.0375414,71.609,1,0,0,0,0,0,0,1,0,0,0
Movie 146,2022,104,3,160338610,6.1,476599,0.6,touching joyful hilarious story performances music | great fantastic excellent story performances music | excellent thrilling inspiring story performances music,178543526,18.89279846,19.00034298,79.754,0,0,0,1,0,0,0,1,0,0,0
Movie 147,2005,101,12,180627975,8.3,24824,-0.6,cliché weak boring plot acting pacing | awful predictable bad plot acting pacing | predictable dull awful plot acting pacing,213009879,19.01195009,19.17684911,83.993,0,1,0,0,0,0,0,0,0,1,0
Movie 148,2009,114,2,48735726,7.5,184804,0.2,witty inspiring loved story performances music | excellent touching loved story performances music | cliché waste weak plot acting pacing,79817284,17.70192293,18.19525064,90.953,0,0,1,0,0,0,0,0,0,0,1
Movie 149,2021,126,6,195934565,5.4,55086,0,okay average decent some parts | boring bad predictable plot acting pacing | thrilling hilarious loved story performances music,212595970,19.09329131,19.17490407,58.95,1,0,0,0,0,0,0,0,0,1,0
Movie 150,2006,167,11,64818565,6.7,465816,-0.45,dull confusing waste plot acting pacing | confusing waste dull plot acting pacing | okay average decent some parts,83136516,17.98710263,18.2359946,87.445,0,0,0,0,0,1,0,1,0,0,0
Movie 151,2022,153,12,160603150,6,337815,0,confusing awful weak plot acting pacing | amazing thrilling fantastic story performances music | okay average decent some parts,152339802,18.89444698,18.84162413,76.382,0,1,0,0,0,0,0,0,0,0,1
Movie 152,2010,144,2,116293546,6.1,381464,0.24,okay average decent some parts | hilarious loved thrilling story performances music | hilarious thrilling touching story performances music,141379798,18.57162813,18.76696044,78.396,0,0,0,1,0,0,0,0,0,1,0
Movie 153,2023,167,2,156116030,6.6,356772,-0.12,emotional masterpiece witty story performances music | awful bad weak plot acting pacing | weak waste boring plot acting pacing,179461890,18.86611008,19.00547344,84.38,0,1,0,0,0,0,0,0,0,1,0
Movie 154,2010,144,5,125936064,7,328684,0,terrible boring awful plot acting pacing | messy terrible waste plot acting pacing | masterpiece hilarious witty story performances music,200287477,18.65128492,19.11526428,88.92,0,1,0,0,0,0,0,0,0,1,0
Movie 155,2013,117,7,128854171,6.1,386973,-0.4,predictable awful terrible plot acting pacing | okay average decent some parts | boring dull disappointing plot acting pacing,149568752,18.67419187,18.82326673,78.483,0,0,0,0,1,0,0,0,1,0,0
Movie 156,2018,121,12,123640534,7.5,4558,0,okay average decent some parts | predictable disappointing cliché plot acting pacing | okay average decent some parts,134109279,18.632889,18.71416555,63.186,1,0,0,0,0,0,0,0,0,1,0
Movie 157,2007,131,3,156020274,5.3,432795,0,joyful inspiring hilarious story performances music | okay average decent some parts | okay average decent some parts,156737912,18.86549652,18.87008562,68.784,0,0,0,0,0,1,1,0,0,0,0
Movie 158,2016,88,2,148069549,6.4,370062,-0.2,messy cliché awful plot acting pacing | touching amazing joyful story performances music | dull terrible confusing plot acting pacing,164987156,18.81319265,18.92137819,82.057,0,0,0,0,0,1,0,0,0,1,0
Movie 159,2015,154,4,27775889,9,369846,0.086,loved amazing joyful story performances music | awful terrible confusing plot acting pacing | okay average decent some parts,74553347,17.13967894,18.12702551,115.388,0,1,0,0,0,0,0,0,0,0,1
Movie 160,2020,145,11,165384921,6.6,197021,0.6,excellent touching thrilling story performances music | emotional touching witty story performances music | inspiring emotional touching story performances music,182727947,18.92378618,19.02350898,80.461,0,0,1,0,0,0,0,0,0,0,1
Movie 161,2024,153,1,107677539,7.8,400535,0,okay average decent some parts | okay average decent some parts | touching inspiring witty story performances music,150505791,18.49465158,18.82951213,100.624,1,0,0,0,0,0,0,0,0,0,1
Movie 162,2018,133,5,65293601,6.5,191218,-0.24,bad confusing boring plot acting pacing | okay average decent some parts | okay average decent some parts,85726533,17.99440461,18.26667295,79.048,0,0,0,0,1,0,0,0,0,1,0
Movie 163,2013,158,2,103330351,7,24957,-0.6,confusing cliché weak plot acting pacing | messy weak waste plot acting pacing | bad boring dull plot acting pacing,130739826,18.45344171,18.68871985,70.875,0,0,0,0,1,0,0,0,0,0,1
Movie 164,2013,174,2,193429711,6.3,453954,-0.36,inspiring thrilling hilarious story performances music | waste bad confusing plot acting pacing | bad dull boring plot acting pacing,209335714,19.08042476,19.15944981,82.062,0,0,1,0,0,0,1,0,0,0,0
Movie 165,2013,136,12,171656856,6.2,117650,-0.1,okay average decent some parts | okay average decent some parts | okay average decent some parts,180361677,18.96100802,19.01047472,72.388,1,0,0,0,0,0,0,0,0,1,0
Movie 166,2021,124,1,166906003,5.6,51399,0.171,masterpiece loved thrilling story performances music | dull confusing bad plot acting pacing | emotional joyful fantastic story performances music,169054139,18.93294136,18.94572958,60.745,1,0,0,0,0,0,1,0,0,0,0
Movie 167,2011,90,4,93097073,6.8,311137,0,great inspiring fantastic story performances music | loved excellent hilarious story performances music | messy predictable cliché plot acting pacing,151983365,18.34915331,18.83928164,86.006,1,0,0,0,0,0,0,0,1,0,0
Movie 168,2008,157,11,157043430,5.5,117209,0.2,great witty amazing story performances music | masterpiece hilarious loved story performances music | dull awful disappointing plot acting pacing,154027402,18.87203296,18.85264109,64.194,0,0,0,0,0,1,0,0,0,0,1
Movie 169,2011,170,8,77632809,7.1,429133,0.4,witty emotional joyful story performances music | okay average decent some parts | fantastic loved emotional story performances music,121958003,18.16750071,18.61918731,92.084,0,0,0,0,1,0,0,0,0,0,1
Movie 170,2005,149,1,137546930,7.5,222153,0.086,okay average decent some parts | amazing excellent joyful story performances music | thrilling fantastic excellent story performances music,147849203,18.73947573,18.81170342,92.333,1,0,0,0,0,0,0,0,1,0,0
Movie 171,2007,166,6,128273090,6.8,2747,-0.2,hilarious amazing thrilling story performances music | disappointing boring awful plot acting pacing | terrible messy disappointing plot acting pacing,180284216,18.66967207,19.01004515,53.847,0,0,0,0,0,1,0,0,0,0,1
Movie 172,2006,166,12,50709942,6.1,475883,0.5,great loved emotional story performances music | fantastic joyful hilarious story performances music | okay average decent some parts,92087201,17.74163256,18.33824653,79.745,0,0,1,0,0,0,0,0,0,0,1
Movie 173,2020,159,5,54026200,6.9,257557,0.6,emotional inspiring masterpiece story performances music | hilarious great excellent story performances music | fantastic thrilling loved story performances music,82459869,17.80497969,18.22782231,85.967,0,1,0,0,0,0,1,0,0,0,0
Movie 174,2019,130,7,13165495,6.1,131857,0.12,bad disappointing weak plot acting pacing | excellent amazing loved story performances music | inspiring hilarious joyful story performances music,48854173,16.39311003,17.70435038,71.916,0,0,0,1,0,0,0,0,0,1,0
Movie 175,2018,89,7,28813913,7.3,338805,0.2,thrilling witty fantastic story performances music | joyful witty loved story performances music | waste messy bad plot acting pacing,69754201,17.17636895,18.06048822,92.952,0,0,0,0,0,1,0,1,0,0,0
Movie 176,2014,80,8,87290111,4.6,265539,0.3,joyful emotional hilarious story performances music | thrilling joyful amazing story performances music | witty thrilling touching story performances music,105474934,18.28474775,18.4739839,57.452,0,0,0,0,1,0,0,0,0,1,0
Movie 177,2019,100,3,96097577,6.1,15288,0,great inspiring witty story performances music | okay average decent some parts | terrible confusing boring plot acting pacing,120130060,18.38087467,18.60408556,58.773,1,0,0,0,0,0,0,0,0,1,0
Movie 178,2008,123,11,33859025,4.4,379943,0,okay average decent some parts | weak bad messy plot acting pacing | awful cliché terrible plot acting pacing,56508261,17.33771617,17.84989742,56.53,0,0,1,0,0,0,1,0,0,0,0
Movie 179,2023,154,12,83960984,4.9,200977,0.086,confusing boring cliché plot acting pacing | inspiring fantastic emotional story performances music | great hilarious joyful story performances music,100910267,18.24586278,18.42974224,59.834,0,0,1,0,0,0,0,0,1,0,0
Movie 180,2015,125,2,121231326,7.8,350058,0.3,thrilling amazing touching story performances music | masterpiece loved inspiring story performances music | inspiring masterpiece emotional story performances music,147911111,18.61321107,18.81212206,99.574,0,0,1,0,0,0,0,1,0,0,0
Movie 181,2023,82,10,47281418,7.3,447869,-0.15,messy confusing terrible plot acting pacing | confusing terrible bad plot acting pacing | okay average decent some parts,82843610,17.67162794,18.23246518,94.989,0,0,0,0,1,0,0,1,0,0,0
Movie 182,2008,101,10,68309143,5.7,305501,0.12,confusing terrible disappointing plot acting pacing | masterpiece inspiring witty story performances music | touching great excellent story performances music,92138466,18.0395542,18.33880308,71.989,0,0,0,0,0,1,0,0,1,0,0
Movie 183,2014,177,9,74134850,4.9,335970,0,hilarious excellent great story performances music | masterpiece inspiring joyful story performances music | boring messy cliché plot acting pacing,90057325,18.1213963,18.31595698,62.351,0,0,1,0,0,0,0,1,0,0,0
Movie 184,2018,178,5,101505723,3.4,127697,0.3,touching amazing loved story performances music | terrible bad weak plot acting pacing | masterpiece hilarious witty story performances music,110858031,18.43562575,18.52376095,39.975,0,0,0,0,1,0,0,0,0,0,1
Movie 185,2014,117,6,73912097,5.9,119210,-0.2,confusing bad weak plot acting pacing | touching fantastic emotional story performances music | dull waste bad plot acting pacing,125682814,18.11838708,18.64927195,68.963,0,1,0,0,0,0,0,1,0,0,0
Movie 186,2013,160,11,66171617,8.8,207793,0.15,fantastic emotional masterpiece story performances music | okay average decent some parts | emotional great witty story performances music,85986761,18.0077622,18.26970391,107.75,0,0,0,1,0,0,0,1,0,0,0
Movie 187,2008,151,2,87345454,6.8,426464,0.15,okay average decent some parts | hilarious touching amazing story performances music | awful cliché bad plot acting pacing,118652023,18.28538156,18.5917056,88.15,0,1,0,0,0,0,1,0,0,0,0
Movie 188,2012,173,10,76513351,5.8,262334,-0.12,excellent thrilling loved story performances music | bad boring predictable plot acting pacing | confusing boring disappointing plot acting pacing,89553159,18.15297582,18.31034297,72.369,1,0,0,0,0,0,0,1,0,0,0
Movie 189,2009,168,12,37400243,6.9,174341,0,inspiring fantastic loved story performances music | predictable messy confusing plot acting pacing | thrilling masterpiece touching story performances music,91190976,17.43718779,18.32846651,83.275,0,0,0,0,1,0,0,1,0,0,0
Movie 190,2011,142,9,137462925,4.8,389915,0,okay average decent some parts | hilarious excellent fantastic story performances music | messy bad predictable plot acting pacing,132411767,18.73886481,18.70142708,61.794,1,0,0,0,0,0,1,0,0,0,0
Movie 191,2018,119,5,47853786,6.1,426745,0.24,great emotional inspiring story performances music | joyful amazing inspiring story performances music | okay average decent some parts,69347608,17.68366082,18.05464223,79.08,0,0,1,0,0,0,0,1,0,0,0
Movie 192,2017,142,7,60078418,6.5,451315,0.2,witty great amazing story performances music | excellent touching amazing story performances music | disappointing messy awful plot acting pacing,80273737,17.91116125,18.20095308,84.629,0,0,1,0,0,0,1,0,0,0,0
Movie 193,2017,111,1,158757639,6.3,149822,0.45,inspiring great thrilling story performances music | amazing thrilling witty story performances music | excellent touching joyful story performances music,179168270,18.88288932,19.00383598,75.078,0,0,1,0,0,0,0,1,0,0,0
Movie 194,2012,114,12,189822727,7.2,354965,0.2,excellent loved masterpiece story performances music | confusing messy waste plot acting pacing | terrible awful dull plot acting pacing,185904248,19.06160118,19.04074231,92.014,1,0,0,0,0,0,0,1,0,0,0
Movie 195,2024,140,5,134497789,6.7,295364,0.4,touching hilarious fantastic story performances music | touching great thrilling story performances music | dull boring predictable plot acting pacing,166419218,18.71705833,18.93002058,84.393,1,0,0,0,0,0,0,1,0,0,0
Movie 196,2006,137,1,183353255,7.1,224761,0.15,okay average decent some parts | hilarious amazing thrilling story performances music | awful bad terrible plot acting pacing,166578036,19.02692521,18.93097445,87.492,0,0,0,0,0,1,0,0,1,0,0
Movie 197,2011,138,10,96701175,5.7,198771,-0.36,cliché dull disappointing plot acting pacing | messy dull waste plot acting pacing | great excellent masterpiece story performances music,113157205,18.38713612,18.54428861,69.54,0,0,0,0,1,0,0,0,1,0,0
Movie 198,2007,118,8,154287745,7.3,57719,0,disappointing waste cliché plot acting pacing | joyful amazing inspiring story performances music | okay average decent some parts,183111311,18.8543299,19.02560479,80.033,1,0,0,0,0,0,0,0,0,1,0
Movie 199,2011,120,8,66343879,8,137775,0,excellent emotional fantastic story performances music | waste messy predictable plot acting pacing | masterpiece amazing loved story performances music,82511832,18.01036208,18.22845227,94.667,0,0,1,0,0,0,0,0,0,0,1
Movie 200,2024,81,1,92638913,5.4,275057,-0.1,okay average decent some parts | amazing excellent emotional story performances music | okay average decent some parts,123408637,18.34421985,18.63101167,67.634,0,0,0,1,0,0,0,1,0,0,0
Movie 201,2012,140,10,107551523,5.5,443335,0.086,inspiring fantastic emotional story performances music | loved great inspiring story performances music | boring cliché bad plot acting pacing,103873533,18.49348058,18.4586847,71.511,0,0,0,0,1,0,0,0,0,1,0
Movie 202,2023,137,8,192138110,7.7,433237,0,masterpiece thrilling great story performances music | terrible waste cliché plot acting pacing | cliché disappointing bad plot acting pacing,247775184,19.073725,19.32803238,99.939,0,0,0,0,0,1,0,0,0,0,1
Movie 203,2014,173,10,169863537,6.2,94203,-0.257,waste boring terrible plot acting pacing | waste messy terrible plot acting pacing | confusing messy waste plot acting pacing,166712006,18.95050596,18.93177837,71.01,0,0,0,0,0,1,0,0,0,1,0
Movie 204,2018,130,10,98361340,7.8,339821,-0.2,okay average decent some parts | dull terrible cliché plot acting pacing | dull waste predictable plot acting pacing,147921131,18.40415841,18.8121898,99.342,0,0,0,1,0,0,0,0,1,0,0
Movie 205,2014,126,3,130864880,6,42863,0.24,loved great witty story performances music | hilarious inspiring great story performances music | terrible cliché bad plot acting pacing,154773225,18.68967591,18.85747155,63.995,0,1,0,0,0,0,1,0,0,0,0
Movie 206,2010,86,3,41268943,7.9,337669,0.24,masterpiece fantastic inspiring story performances music | witty joyful touching story performances music | predictable cliché boring plot acting pacing,61400979,17.53562081,17.93293635,100.566,0,0,1,0,0,0,0,0,0,1,0
Movie 207,2020,99,12,161073973,6.5,171292,0,okay average decent some parts | boring terrible cliché plot acting pacing | masterpiece emotional witty story performances music,160312599,18.89737428,18.89263622,78.332,0,0,0,0,1,0,0,1,0,0,0
Movie 208,2024,113,7,111054553,6.7,225199,0.429,great loved inspiring story performances music | fantastic masterpiece emotional story performances music | okay average decent some parts,158105828,18.52553212,18.87877517,82.576,0,0,0,0,0,1,0,0,0,0,1
Movie 209,2010,117,6,107011732,8,358960,0.4,joyful hilarious touching story performances music | boring bad disappointing plot acting pacing | thrilling loved hilarious story performances music,148103408,18.48844904,18.8134213,102.328,1,0,0,0,0,0,1,0,0,0,0
Movie 210,2020,116,4,153490421,6,212731,0,awful bad waste plot acting pacing | fantastic witty excellent story performances music | touching fantastic masterpiece story performances music,162636818,18.84914873,18.90703017,73.607,0,0,0,0,0,1,0,0,0,1,0
Movie 211,2010,119,8,126950608,6.3,403812,0.4,loved excellent amazing story performances music | okay average decent some parts | touching fantastic inspiring story performances music,179494876,18.65930866,19.00565723,81.325,1,0,0,0,0,0,0,0,1,0,0
Movie 212,2019,156,10,15420948,6,267023,0.24,inspiring hilarious excellent story performances music | fantastic emotional excellent story performances music | fantastic inspiring thrilling story performances music,32058707,16.55123747,17.2830794,74.971,0,0,0,0,0,1,0,0,0,1,0
Movie 213,2020,93,1,58342967,6.9,499372,0.171,emotional hilarious touching story performances music | joyful emotional excellent story performances music | joyful inspiring loved story performances music,88488294,17.8818494,18.29838084,90.536,0,0,0,0,0,1,0,1,0,0,0
Movie 214,2013,113,7,36167074,4.8,319301,0,cliché boring bad plot acting pacing | terrible disappointing confusing plot acting pacing | amazing loved great story performances music,73600123,17.40365973,18.11415727,60.835,1,0,0,0,0,0,1,0,0,0,0
Movie 215,2019,96,12,147243739,7,148532,0,boring disappointing messy plot acting pacing | dull bad confusing plot acting pacing | okay average decent some parts,175973252,18.80759987,18.98584257,83.36,0,1,0,0,0,0,0,0,1,0,0
Movie 216,2010,110,4,7994287,5.9,387756,0.15,boring bad dull plot acting pacing | masterpiece thrilling joyful story performances music | okay average decent some parts,33736936,15.89423784,17.33410385,75.922,1,0,0,0,0,0,1,0,0,0,0
Movie 217,2006,148,4,41278514,7.5,204267,0.2,okay average decent some parts | fantastic touching loved story performances music | fantastic witty masterpiece story performances music,68871450,17.5358527,18.0477523,91.704,0,0,0,1,0,0,1,0,0,0,0
Movie 218,2006,84,11,119891562,4,267317,-0.257,cliché boring weak plot acting pacing | bad terrible disappointing plot acting pacing | weak boring confusing plot acting pacing,97256562,18.60209825,18.39286302,49.985,0,0,0,0,1,0,0,0,0,0,1
Movie 219,2013,113,1,139264827,5.6,68842,-0.2,waste confusing terrible plot acting pacing | okay average decent some parts | okay average decent some parts,130673837,18.75188792,18.68821499,62.382,1,0,0,0,0,0,0,0,0,0,1
Movie 220,2023,82,5,101157674,4.7,60111,-0.12,loved fantastic inspiring story performances music | emotional loved hilarious story performances music | dull cliché waste plot acting pacing,126521510,18.432191,18.6559229,51.719,0,1,0,0,0,0,0,0,0,0,1
